{
    "totalPrice": 92202.23999999996,
    "meanPrice": 443.2799999999998,
    "median": 150.0,
    "max": 5000,
    "min": 0,
    "range": 5000
}